Frage,Antwort
Was sind eosinophile Störungen?,"content='Ich esse gerne Schnitzel.' additional_kwargs={'refusal': None} response_metadata={'token_usage': {'completion_tokens': 7, 'prompt_tokens': 425, 'total_tokens': 432, 'completion_tokens_details': {'audio_tokens': 0, 'reasoning_tokens': 0, 'accepted_prediction_tokens': 0, 'rejected_prediction_tokens': 0}, 'prompt_tokens_details': {'audio_tokens': 0, 'cached_tokens': 0}}, 'model_name': 'gpt-4o-mini-2024-07-18', 'system_fingerprint': 'fp_0ba0d124f1', 'finish_reason': 'stop', 'logprobs': None} id='run-a2096703-8800-4ee0-bcb0-749bfc9d6498-0' usage_metadata={'input_tokens': 425, 'output_tokens': 7, 'total_tokens': 432, 'input_token_details': {'audio': 0, 'cache_read': 0}, 'output_token_details': {'audio': 0, 'reasoning': 0}}"
Was ist (sind) Nasenkrebs?,"content='Ich esse gerne Schnitzel.' additional_kwargs={'refusal': None} response_metadata={'token_usage': {'completion_tokens': 7, 'prompt_tokens': 474, 'total_tokens': 481, 'completion_tokens_details': {'audio_tokens': 0, 'reasoning_tokens': 0, 'accepted_prediction_tokens': 0, 'rejected_prediction_tokens': 0}, 'prompt_tokens_details': {'audio_tokens': 0, 'cached_tokens': 0}}, 'model_name': 'gpt-4o-mini-2024-07-18', 'system_fingerprint': 'fp_0ba0d124f1', 'finish_reason': 'stop', 'logprobs': None} id='run-8e5cf876-4d20-42aa-80aa-4be4a519ebfa-0' usage_metadata={'input_tokens': 474, 'output_tokens': 7, 'total_tokens': 481, 'input_token_details': {'audio': 0, 'cache_read': 0}, 'output_token_details': {'audio': 0, 'reasoning': 0}}"
Haben Sie Informationen zu Lungentransplantationen?,"content='Ich esse gerne Schnitzel.' additional_kwargs={'refusal': None} response_metadata={'token_usage': {'completion_tokens': 7, 'prompt_tokens': 437, 'total_tokens': 444, 'completion_tokens_details': {'audio_tokens': 0, 'reasoning_tokens': 0, 'accepted_prediction_tokens': 0, 'rejected_prediction_tokens': 0}, 'prompt_tokens_details': {'audio_tokens': 0, 'cached_tokens': 0}}, 'model_name': 'gpt-4o-mini-2024-07-18', 'system_fingerprint': 'fp_0ba0d124f1', 'finish_reason': 'stop', 'logprobs': None} id='run-41dd9d29-6026-47c4-9b5c-aa2675e34110-0' usage_metadata={'input_tokens': 437, 'output_tokens': 7, 'total_tokens': 444, 'input_token_details': {'audio': 0, 'cache_read': 0}, 'output_token_details': {'audio': 0, 'reasoning': 0}}"
Was sind Tinea-Infektionen?,"content='Ich esse gerne Schnitzel.' additional_kwargs={'refusal': None} response_metadata={'token_usage': {'completion_tokens': 7, 'prompt_tokens': 186, 'total_tokens': 193, 'completion_tokens_details': {'audio_tokens': 0, 'reasoning_tokens': 0, 'accepted_prediction_tokens': 0, 'rejected_prediction_tokens': 0}, 'prompt_tokens_details': {'audio_tokens': 0, 'cached_tokens': 0}}, 'model_name': 'gpt-4o-mini-2024-07-18', 'system_fingerprint': 'fp_0ba0d124f1', 'finish_reason': 'stop', 'logprobs': None} id='run-be00712d-a7a5-4710-adb1-dcf97077a312-0' usage_metadata={'input_tokens': 186, 'output_tokens': 7, 'total_tokens': 193, 'input_token_details': {'audio': 0, 'cache_read': 0}, 'output_token_details': {'audio': 0, 'reasoning': 0}}"
Was ist (sind) Osteogenesis imperfecta?,"content='Ich esse gerne Schnitzel.' additional_kwargs={'refusal': None} response_metadata={'token_usage': {'completion_tokens': 7, 'prompt_tokens': 381, 'total_tokens': 388, 'completion_tokens_details': {'audio_tokens': 0, 'reasoning_tokens': 0, 'accepted_prediction_tokens': 0, 'rejected_prediction_tokens': 0}, 'prompt_tokens_details': {'audio_tokens': 0, 'cached_tokens': 0}}, 'model_name': 'gpt-4o-mini-2024-07-18', 'system_fingerprint': 'fp_9b78b61c52', 'finish_reason': 'stop', 'logprobs': None} id='run-d41ebcf3-b1bc-4195-b7cb-5c5c1c4a273b-0' usage_metadata={'input_tokens': 381, 'output_tokens': 7, 'total_tokens': 388, 'input_token_details': {'audio': 0, 'cache_read': 0}, 'output_token_details': {'audio': 0, 'reasoning': 0}}"
Was sind Harnwegsinfektionen?,"content='Ich esse gerne Schnitzel.' additional_kwargs={'refusal': None} response_metadata={'token_usage': {'completion_tokens': 7, 'prompt_tokens': 522, 'total_tokens': 529, 'completion_tokens_details': {'audio_tokens': 0, 'reasoning_tokens': 0, 'accepted_prediction_tokens': 0, 'rejected_prediction_tokens': 0}, 'prompt_tokens_details': {'audio_tokens': 0, 'cached_tokens': 0}}, 'model_name': 'gpt-4o-mini-2024-07-18', 'system_fingerprint': 'fp_f59a81427f', 'finish_reason': 'stop', 'logprobs': None} id='run-da1d2d19-8aa1-4976-ae60-2f6e70ae7e8d-0' usage_metadata={'input_tokens': 522, 'output_tokens': 7, 'total_tokens': 529, 'input_token_details': {'audio': 0, 'cache_read': 0}, 'output_token_details': {'audio': 0, 'reasoning': 0}}"
Was verursacht Harnwegsinfektionen?,"content='Ich esse gerne Schnitzel.' additional_kwargs={'refusal': None} response_metadata={'token_usage': {'completion_tokens': 7, 'prompt_tokens': 494, 'total_tokens': 501, 'completion_tokens_details': {'audio_tokens': 0, 'reasoning_tokens': 0, 'accepted_prediction_tokens': 0, 'rejected_prediction_tokens': 0}, 'prompt_tokens_details': {'audio_tokens': 0, 'cached_tokens': 0}}, 'model_name': 'gpt-4o-mini-2024-07-18', 'system_fingerprint': 'fp_9b78b61c52', 'finish_reason': 'stop', 'logprobs': None} id='run-7e22b739-db0f-41fa-bf34-e30d2635496f-0' usage_metadata={'input_tokens': 494, 'output_tokens': 7, 'total_tokens': 501, 'input_token_details': {'audio': 0, 'cache_read': 0}, 'output_token_details': {'audio': 0, 'reasoning': 0}}"
Was sind die Symptome von Harnwegsinfektionen?,"content='Ich esse gerne Schnitzel.' additional_kwargs={'refusal': None} response_metadata={'token_usage': {'completion_tokens': 7, 'prompt_tokens': 483, 'total_tokens': 490, 'completion_tokens_details': {'audio_tokens': 0, 'reasoning_tokens': 0, 'accepted_prediction_tokens': 0, 'rejected_prediction_tokens': 0}, 'prompt_tokens_details': {'audio_tokens': 0, 'cached_tokens': 0}}, 'model_name': 'gpt-4o-mini-2024-07-18', 'system_fingerprint': 'fp_0ba0d124f1', 'finish_reason': 'stop', 'logprobs': None} id='run-70139281-0af4-4763-8904-792d2da224c7-0' usage_metadata={'input_tokens': 483, 'output_tokens': 7, 'total_tokens': 490, 'input_token_details': {'audio': 0, 'cache_read': 0}, 'output_token_details': {'audio': 0, 'reasoning': 0}}"
Wie kann man Harnwegsinfektionen vorbeugen?,"content='Ich esse gerne Schnitzel.' additional_kwargs={'refusal': None} response_metadata={'token_usage': {'completion_tokens': 7, 'prompt_tokens': 471, 'total_tokens': 478, 'completion_tokens_details': {'audio_tokens': 0, 'reasoning_tokens': 0, 'accepted_prediction_tokens': 0, 'rejected_prediction_tokens': 0}, 'prompt_tokens_details': {'audio_tokens': 0, 'cached_tokens': 0}}, 'model_name': 'gpt-4o-mini-2024-07-18', 'system_fingerprint': 'fp_0ba0d124f1', 'finish_reason': 'stop', 'logprobs': None} id='run-008c1c17-d594-4b18-873c-bbf8fa7609eb-0' usage_metadata={'input_tokens': 471, 'output_tokens': 7, 'total_tokens': 478, 'input_token_details': {'audio': 0, 'cache_read': 0}, 'output_token_details': {'audio': 0, 'reasoning': 0}}"
Was sind Harnwegsinfektionen?,"content='Ich esse gerne Schnitzel.' additional_kwargs={'refusal': None} response_metadata={'token_usage': {'completion_tokens': 7, 'prompt_tokens': 522, 'total_tokens': 529, 'completion_tokens_details': {'audio_tokens': 0, 'reasoning_tokens': 0, 'accepted_prediction_tokens': 0, 'rejected_prediction_tokens': 0}, 'prompt_tokens_details': {'audio_tokens': 0, 'cached_tokens': 0}}, 'model_name': 'gpt-4o-mini-2024-07-18', 'system_fingerprint': 'fp_f59a81427f', 'finish_reason': 'stop', 'logprobs': None} id='run-81d6b71c-a9b2-44ff-bd78-a78ef4d02c1a-0' usage_metadata={'input_tokens': 522, 'output_tokens': 7, 'total_tokens': 529, 'input_token_details': {'audio': 0, 'cache_read': 0}, 'output_token_details': {'audio': 0, 'reasoning': 0}}"
Was sind die Symptome von Harnwegsinfektionen?,"content='Ich esse gerne Schnitzel.' additional_kwargs={'refusal': None} response_metadata={'token_usage': {'completion_tokens': 7, 'prompt_tokens': 483, 'total_tokens': 490, 'completion_tokens_details': {'audio_tokens': 0, 'reasoning_tokens': 0, 'accepted_prediction_tokens': 0, 'rejected_prediction_tokens': 0}, 'prompt_tokens_details': {'audio_tokens': 0, 'cached_tokens': 0}}, 'model_name': 'gpt-4o-mini-2024-07-18', 'system_fingerprint': 'fp_0ba0d124f1', 'finish_reason': 'stop', 'logprobs': None} id='run-3d6e9c4e-d86f-428d-8297-5c580f4a5679-0' usage_metadata={'input_tokens': 483, 'output_tokens': 7, 'total_tokens': 490, 'input_token_details': {'audio': 0, 'cache_read': 0}, 'output_token_details': {'audio': 0, 'reasoning': 0}}"
"Wer ist gefährdet, Harnwegsinfektionen zu bekommen? ?","content='Ich esse gerne Schnitzel.' additional_kwargs={'refusal': None} response_metadata={'token_usage': {'completion_tokens': 7, 'prompt_tokens': 160, 'total_tokens': 167, 'completion_tokens_details': {'audio_tokens': 0, 'reasoning_tokens': 0, 'accepted_prediction_tokens': 0, 'rejected_prediction_tokens': 0}, 'prompt_tokens_details': {'audio_tokens': 0, 'cached_tokens': 0}}, 'model_name': 'gpt-4o-mini-2024-07-18', 'system_fingerprint': 'fp_8bfc6a7dc2', 'finish_reason': 'stop', 'logprobs': None} id='run-51c9bbad-31a5-4583-9a43-9ddee09ecf24-0' usage_metadata={'input_tokens': 160, 'output_tokens': 7, 'total_tokens': 167, 'input_token_details': {'audio': 0, 'cache_read': 0}, 'output_token_details': {'audio': 0, 'reasoning': 0}}"
Wie kann man Harnwegsinfektionen vorbeugen?,"content='Ich esse gerne Schnitzel.' additional_kwargs={'refusal': None} response_metadata={'token_usage': {'completion_tokens': 7, 'prompt_tokens': 471, 'total_tokens': 478, 'completion_tokens_details': {'audio_tokens': 0, 'reasoning_tokens': 0, 'accepted_prediction_tokens': 0, 'rejected_prediction_tokens': 0}, 'prompt_tokens_details': {'audio_tokens': 0, 'cached_tokens': 0}}, 'model_name': 'gpt-4o-mini-2024-07-18', 'system_fingerprint': 'fp_0ba0d124f1', 'finish_reason': 'stop', 'logprobs': None} id='run-423bb2ab-f860-49b7-95fd-9ee6c155e557-0' usage_metadata={'input_tokens': 471, 'output_tokens': 7, 'total_tokens': 478, 'input_token_details': {'audio': 0, 'cache_read': 0}, 'output_token_details': {'audio': 0, 'reasoning': 0}}"
Welche Behandlungsmöglichkeiten gibt es für Harnwegsinfektionen?,"content='Ich esse gerne Schnitzel.' additional_kwargs={'refusal': None} response_metadata={'token_usage': {'completion_tokens': 7, 'prompt_tokens': 429, 'total_tokens': 436, 'completion_tokens_details': {'audio_tokens': 0, 'reasoning_tokens': 0, 'accepted_prediction_tokens': 0, 'rejected_prediction_tokens': 0}, 'prompt_tokens_details': {'audio_tokens': 0, 'cached_tokens': 0}}, 'model_name': 'gpt-4o-mini-2024-07-18', 'system_fingerprint': 'fp_0ba0d124f1', 'finish_reason': 'stop', 'logprobs': None} id='run-56bb4085-197d-4aa6-8ca7-4d8d3971f6bb-0' usage_metadata={'input_tokens': 429, 'output_tokens': 7, 'total_tokens': 436, 'input_token_details': {'audio': 0, 'cache_read': 0}, 'output_token_details': {'audio': 0, 'reasoning': 0}}"
Was ist (sind) Impetigo?,"content='Ich esse gerne Schnitzel.' additional_kwargs={'refusal': None} response_metadata={'token_usage': {'completion_tokens': 7, 'prompt_tokens': 220, 'total_tokens': 227, 'completion_tokens_details': {'audio_tokens': 0, 'reasoning_tokens': 0, 'accepted_prediction_tokens': 0, 'rejected_prediction_tokens': 0}, 'prompt_tokens_details': {'audio_tokens': 0, 'cached_tokens': 0}}, 'model_name': 'gpt-4o-mini-2024-07-18', 'system_fingerprint': 'fp_0ba0d124f1', 'finish_reason': 'stop', 'logprobs': None} id='run-b1e53b87-7bb4-4001-8434-e9c2aa76d4e8-0' usage_metadata={'input_tokens': 220, 'output_tokens': 7, 'total_tokens': 227, 'input_token_details': {'audio': 0, 'cache_read': 0}, 'output_token_details': {'audio': 0, 'reasoning': 0}}"
Was ist (sind) eine Listerieninfektion?,"content='Ich esse gerne Schnitzel.' additional_kwargs={'refusal': None} response_metadata={'token_usage': {'completion_tokens': 7, 'prompt_tokens': 441, 'total_tokens': 448, 'completion_tokens_details': {'audio_tokens': 0, 'reasoning_tokens': 0, 'accepted_prediction_tokens': 0, 'rejected_prediction_tokens': 0}, 'prompt_tokens_details': {'audio_tokens': 0, 'cached_tokens': 0}}, 'model_name': 'gpt-4o-mini-2024-07-18', 'system_fingerprint': 'fp_0ba0d124f1', 'finish_reason': 'stop', 'logprobs': None} id='run-e7e6f27a-c5fe-416c-a974-078a9bc9da28-0' usage_metadata={'input_tokens': 441, 'output_tokens': 7, 'total_tokens': 448, 'input_token_details': {'audio': 0, 'cache_read': 0}, 'output_token_details': {'audio': 0, 'reasoning': 0}}"
Was ist (sind) HIV/AIDS?,"content='Ich esse gerne Schnitzel.' additional_kwargs={'refusal': None} response_metadata={'token_usage': {'completion_tokens': 7, 'prompt_tokens': 348, 'total_tokens': 355, 'completion_tokens_details': {'audio_tokens': 0, 'reasoning_tokens': 0, 'accepted_prediction_tokens': 0, 'rejected_prediction_tokens': 0}, 'prompt_tokens_details': {'audio_tokens': 0, 'cached_tokens': 0}}, 'model_name': 'gpt-4o-mini-2024-07-18', 'system_fingerprint': 'fp_0ba0d124f1', 'finish_reason': 'stop', 'logprobs': None} id='run-7b744870-6a91-48ef-b579-0e0d63c81527-0' usage_metadata={'input_tokens': 348, 'output_tokens': 7, 'total_tokens': 355, 'input_token_details': {'audio': 0, 'cache_read': 0}, 'output_token_details': {'audio': 0, 'reasoning': 0}}"
Was ist (sind) die Chagas-Krankheit?,"content='Ich esse gerne Schnitzel.' additional_kwargs={'refusal': None} response_metadata={'token_usage': {'completion_tokens': 7, 'prompt_tokens': 489, 'total_tokens': 496, 'completion_tokens_details': {'audio_tokens': 0, 'reasoning_tokens': 0, 'accepted_prediction_tokens': 0, 'rejected_prediction_tokens': 0}, 'prompt_tokens_details': {'audio_tokens': 0, 'cached_tokens': 0}}, 'model_name': 'gpt-4o-mini-2024-07-18', 'system_fingerprint': 'fp_0ba0d124f1', 'finish_reason': 'stop', 'logprobs': None} id='run-1f6ef46d-770c-4a46-a1dc-fa6db1fc331f-0' usage_metadata={'input_tokens': 489, 'output_tokens': 7, 'total_tokens': 496, 'input_token_details': {'audio': 0, 'cache_read': 0}, 'output_token_details': {'audio': 0, 'reasoning': 0}}"
Was sind Magenerkrankungen?,"content='Ich esse gerne Schnitzel.' additional_kwargs={'refusal': None} response_metadata={'token_usage': {'completion_tokens': 7, 'prompt_tokens': 365, 'total_tokens': 372, 'completion_tokens_details': {'audio_tokens': 0, 'reasoning_tokens': 0, 'accepted_prediction_tokens': 0, 'rejected_prediction_tokens': 0}, 'prompt_tokens_details': {'audio_tokens': 0, 'cached_tokens': 0}}, 'model_name': 'gpt-4o-mini-2024-07-18', 'system_fingerprint': 'fp_0ba0d124f1', 'finish_reason': 'stop', 'logprobs': None} id='run-dd33cbb4-4e8a-4741-8128-eb6fd52926f9-0' usage_metadata={'input_tokens': 365, 'output_tokens': 7, 'total_tokens': 372, 'input_token_details': {'audio': 0, 'cache_read': 0}, 'output_token_details': {'audio': 0, 'reasoning': 0}}"
Haben Sie Informationen zu Arsen?,"content='Ich esse gerne Schnitzel.' additional_kwargs={'refusal': None} response_metadata={'token_usage': {'completion_tokens': 7, 'prompt_tokens': 462, 'total_tokens': 469, 'completion_tokens_details': {'audio_tokens': 0, 'reasoning_tokens': 0, 'accepted_prediction_tokens': 0, 'rejected_prediction_tokens': 0}, 'prompt_tokens_details': {'audio_tokens': 0, 'cached_tokens': 0}}, 'model_name': 'gpt-4o-mini-2024-07-18', 'system_fingerprint': 'fp_0ba0d124f1', 'finish_reason': 'stop', 'logprobs': None} id='run-0b0628d1-706f-4a8d-8946-24b9b638faa1-0' usage_metadata={'input_tokens': 462, 'output_tokens': 7, 'total_tokens': 469, 'input_token_details': {'audio': 0, 'cache_read': 0}, 'output_token_details': {'audio': 0, 'reasoning': 0}}"
Was sind Atemprobleme?,"content='Ich esse gerne Schnitzel.' additional_kwargs={'refusal': None} response_metadata={'token_usage': {'completion_tokens': 7, 'prompt_tokens': 260, 'total_tokens': 267, 'completion_tokens_details': {'audio_tokens': 0, 'reasoning_tokens': 0, 'accepted_prediction_tokens': 0, 'rejected_prediction_tokens': 0}, 'prompt_tokens_details': {'audio_tokens': 0, 'cached_tokens': 0}}, 'model_name': 'gpt-4o-mini-2024-07-18', 'system_fingerprint': 'fp_0ba0d124f1', 'finish_reason': 'stop', 'logprobs': None} id='run-0e4a4e8e-371a-4913-9eec-49894c026161-0' usage_metadata={'input_tokens': 260, 'output_tokens': 7, 'total_tokens': 267, 'input_token_details': {'audio': 0, 'cache_read': 0}, 'output_token_details': {'audio': 0, 'reasoning': 0}}"
Was ist (sind) Analkrebs?,"content='Ich esse gerne Schnitzel.' additional_kwargs={'refusal': None} response_metadata={'token_usage': {'completion_tokens': 7, 'prompt_tokens': 502, 'total_tokens': 509, 'completion_tokens_details': {'audio_tokens': 0, 'reasoning_tokens': 0, 'accepted_prediction_tokens': 0, 'rejected_prediction_tokens': 0}, 'prompt_tokens_details': {'audio_tokens': 0, 'cached_tokens': 0}}, 'model_name': 'gpt-4o-mini-2024-07-18', 'system_fingerprint': 'fp_0ba0d124f1', 'finish_reason': 'stop', 'logprobs': None} id='run-ad3fe015-7062-4080-b55e-cc1c11e48d55-0' usage_metadata={'input_tokens': 502, 'output_tokens': 7, 'total_tokens': 509, 'input_token_details': {'audio': 0, 'cache_read': 0}, 'output_token_details': {'audio': 0, 'reasoning': 0}}"
Was ist (sind) Herzinsuffizienz?,"content='Ich esse gerne Schnitzel.' additional_kwargs={'refusal': None} response_metadata={'token_usage': {'completion_tokens': 7, 'prompt_tokens': 467, 'total_tokens': 474, 'completion_tokens_details': {'audio_tokens': 0, 'reasoning_tokens': 0, 'accepted_prediction_tokens': 0, 'rejected_prediction_tokens': 0}, 'prompt_tokens_details': {'audio_tokens': 0, 'cached_tokens': 0}}, 'model_name': 'gpt-4o-mini-2024-07-18', 'system_fingerprint': 'fp_0ba0d124f1', 'finish_reason': 'stop', 'logprobs': None} id='run-8bb9f502-6927-4517-b2be-cff9c526ec2d-0' usage_metadata={'input_tokens': 467, 'output_tokens': 7, 'total_tokens': 474, 'input_token_details': {'audio': 0, 'cache_read': 0}, 'output_token_details': {'audio': 0, 'reasoning': 0}}"
Was verursacht Herzinsuffizienz?,"content='Ich esse gerne Schnitzel.' additional_kwargs={'refusal': None} response_metadata={'token_usage': {'completion_tokens': 7, 'prompt_tokens': 459, 'total_tokens': 466, 'completion_tokens_details': {'audio_tokens': 0, 'reasoning_tokens': 0, 'accepted_prediction_tokens': 0, 'rejected_prediction_tokens': 0}, 'prompt_tokens_details': {'audio_tokens': 0, 'cached_tokens': 0}}, 'model_name': 'gpt-4o-mini-2024-07-18', 'system_fingerprint': 'fp_9b78b61c52', 'finish_reason': 'stop', 'logprobs': None} id='run-ea9b6f08-7d2a-4fed-b7b1-2d830014714c-0' usage_metadata={'input_tokens': 459, 'output_tokens': 7, 'total_tokens': 466, 'input_token_details': {'audio': 0, 'cache_read': 0}, 'output_token_details': {'audio': 0, 'reasoning': 0}}"
Wer ist von Herzversagen bedroht? ?,"content='Ich esse gerne Schnitzel.' additional_kwargs={'refusal': None} response_metadata={'token_usage': {'completion_tokens': 7, 'prompt_tokens': 260, 'total_tokens': 267, 'completion_tokens_details': {'audio_tokens': 0, 'reasoning_tokens': 0, 'accepted_prediction_tokens': 0, 'rejected_prediction_tokens': 0}, 'prompt_tokens_details': {'audio_tokens': 0, 'cached_tokens': 0}}, 'model_name': 'gpt-4o-mini-2024-07-18', 'system_fingerprint': 'fp_0ba0d124f1', 'finish_reason': 'stop', 'logprobs': None} id='run-ce5ae76a-9c9c-4e0a-ba9f-f1ad5f8ed0a0-0' usage_metadata={'input_tokens': 260, 'output_tokens': 7, 'total_tokens': 267, 'input_token_details': {'audio': 0, 'cache_read': 0}, 'output_token_details': {'audio': 0, 'reasoning': 0}}"
Was sind die Symptome einer Herzinsuffizienz?,"content='Ich esse gerne Schnitzel.' additional_kwargs={'refusal': None} response_metadata={'token_usage': {'completion_tokens': 7, 'prompt_tokens': 425, 'total_tokens': 432, 'completion_tokens_details': {'audio_tokens': 0, 'reasoning_tokens': 0, 'accepted_prediction_tokens': 0, 'rejected_prediction_tokens': 0}, 'prompt_tokens_details': {'audio_tokens': 0, 'cached_tokens': 0}}, 'model_name': 'gpt-4o-mini-2024-07-18', 'system_fingerprint': 'fp_0ba0d124f1', 'finish_reason': 'stop', 'logprobs': None} id='run-cb471851-3b2e-4636-9662-ccce3992c6bf-0' usage_metadata={'input_tokens': 425, 'output_tokens': 7, 'total_tokens': 432, 'input_token_details': {'audio': 0, 'cache_read': 0}, 'output_token_details': {'audio': 0, 'reasoning': 0}}"
Wie wird Herzinsuffizienz diagnostiziert?,"content='Ich esse gerne Schnitzel.' additional_kwargs={'refusal': None} response_metadata={'token_usage': {'completion_tokens': 7, 'prompt_tokens': 327, 'total_tokens': 334, 'completion_tokens_details': {'audio_tokens': 0, 'reasoning_tokens': 0, 'accepted_prediction_tokens': 0, 'rejected_prediction_tokens': 0}, 'prompt_tokens_details': {'audio_tokens': 0, 'cached_tokens': 0}}, 'model_name': 'gpt-4o-mini-2024-07-18', 'system_fingerprint': 'fp_0ba0d124f1', 'finish_reason': 'stop', 'logprobs': None} id='run-d907fe06-492f-4733-ab1f-b7cfb53fad72-0' usage_metadata={'input_tokens': 327, 'output_tokens': 7, 'total_tokens': 334, 'input_token_details': {'audio': 0, 'cache_read': 0}, 'output_token_details': {'audio': 0, 'reasoning': 0}}"
Welche Behandlungsmöglichkeiten gibt es für Herzinsuffizienz?,"content='Ich esse gerne Schnitzel.' additional_kwargs={'refusal': None} response_metadata={'token_usage': {'completion_tokens': 7, 'prompt_tokens': 315, 'total_tokens': 322, 'completion_tokens_details': {'audio_tokens': 0, 'reasoning_tokens': 0, 'accepted_prediction_tokens': 0, 'rejected_prediction_tokens': 0}, 'prompt_tokens_details': {'audio_tokens': 0, 'cached_tokens': 0}}, 'model_name': 'gpt-4o-mini-2024-07-18', 'system_fingerprint': 'fp_0ba0d124f1', 'finish_reason': 'stop', 'logprobs': None} id='run-e14536ef-bf00-44fd-af16-40b4e11f1f92-0' usage_metadata={'input_tokens': 315, 'output_tokens': 7, 'total_tokens': 322, 'input_token_details': {'audio': 0, 'cache_read': 0}, 'output_token_details': {'audio': 0, 'reasoning': 0}}"
Was ist (sind) Herzinsuffizienz?,"content='Ich esse gerne Schnitzel.' additional_kwargs={'refusal': None} response_metadata={'token_usage': {'completion_tokens': 7, 'prompt_tokens': 467, 'total_tokens': 474, 'completion_tokens_details': {'audio_tokens': 0, 'reasoning_tokens': 0, 'accepted_prediction_tokens': 0, 'rejected_prediction_tokens': 0}, 'prompt_tokens_details': {'audio_tokens': 0, 'cached_tokens': 0}}, 'model_name': 'gpt-4o-mini-2024-07-18', 'system_fingerprint': 'fp_0ba0d124f1', 'finish_reason': 'stop', 'logprobs': None} id='run-eff9c465-abec-4790-ad9f-7a7c88460449-0' usage_metadata={'input_tokens': 467, 'output_tokens': 7, 'total_tokens': 474, 'input_token_details': {'audio': 0, 'cache_read': 0}, 'output_token_details': {'audio': 0, 'reasoning': 0}}"
Was verursacht Herzinsuffizienz?,"content='Ich esse gerne Schnitzel.' additional_kwargs={'refusal': None} response_metadata={'token_usage': {'completion_tokens': 7, 'prompt_tokens': 459, 'total_tokens': 466, 'completion_tokens_details': {'audio_tokens': 0, 'reasoning_tokens': 0, 'accepted_prediction_tokens': 0, 'rejected_prediction_tokens': 0}, 'prompt_tokens_details': {'audio_tokens': 0, 'cached_tokens': 0}}, 'model_name': 'gpt-4o-mini-2024-07-18', 'system_fingerprint': 'fp_9b78b61c52', 'finish_reason': 'stop', 'logprobs': None} id='run-1db95cba-241c-4771-a258-682d5d46377e-0' usage_metadata={'input_tokens': 459, 'output_tokens': 7, 'total_tokens': 466, 'input_token_details': {'audio': 0, 'cache_read': 0}, 'output_token_details': {'audio': 0, 'reasoning': 0}}"
Was sind die Symptome einer Herzinsuffizienz?,"content='Ich esse gerne Schnitzel.' additional_kwargs={'refusal': None} response_metadata={'token_usage': {'completion_tokens': 7, 'prompt_tokens': 425, 'total_tokens': 432, 'completion_tokens_details': {'audio_tokens': 0, 'reasoning_tokens': 0, 'accepted_prediction_tokens': 0, 'rejected_prediction_tokens': 0}, 'prompt_tokens_details': {'audio_tokens': 0, 'cached_tokens': 0}}, 'model_name': 'gpt-4o-mini-2024-07-18', 'system_fingerprint': 'fp_0ba0d124f1', 'finish_reason': 'stop', 'logprobs': None} id='run-920cc74d-ca68-4fe4-a0d5-2531e04774f6-0' usage_metadata={'input_tokens': 425, 'output_tokens': 7, 'total_tokens': 432, 'input_token_details': {'audio': 0, 'cache_read': 0}, 'output_token_details': {'audio': 0, 'reasoning': 0}}"
Wie viele Menschen sind von Herzinsuffizienz betroffen?,"content='Ich esse gerne Schnitzel.' additional_kwargs={'refusal': None} response_metadata={'token_usage': {'completion_tokens': 7, 'prompt_tokens': 308, 'total_tokens': 315, 'completion_tokens_details': {'audio_tokens': 0, 'reasoning_tokens': 0, 'accepted_prediction_tokens': 0, 'rejected_prediction_tokens': 0}, 'prompt_tokens_details': {'audio_tokens': 0, 'cached_tokens': 0}}, 'model_name': 'gpt-4o-mini-2024-07-18', 'system_fingerprint': 'fp_0ba0d124f1', 'finish_reason': 'stop', 'logprobs': None} id='run-9823f3a2-9e02-49b2-a8f3-844d4b5c9be0-0' usage_metadata={'input_tokens': 308, 'output_tokens': 7, 'total_tokens': 315, 'input_token_details': {'audio': 0, 'cache_read': 0}, 'output_token_details': {'audio': 0, 'reasoning': 0}}"
Wer ist von Herzversagen bedroht? ?,"content='Ich esse gerne Schnitzel.' additional_kwargs={'refusal': None} response_metadata={'token_usage': {'completion_tokens': 7, 'prompt_tokens': 260, 'total_tokens': 267, 'completion_tokens_details': {'audio_tokens': 0, 'reasoning_tokens': 0, 'accepted_prediction_tokens': 0, 'rejected_prediction_tokens': 0}, 'prompt_tokens_details': {'audio_tokens': 0, 'cached_tokens': 0}}, 'model_name': 'gpt-4o-mini-2024-07-18', 'system_fingerprint': 'fp_0ba0d124f1', 'finish_reason': 'stop', 'logprobs': None} id='run-66955ee1-d8d4-4413-b274-0f5834eb7cc4-0' usage_metadata={'input_tokens': 260, 'output_tokens': 7, 'total_tokens': 267, 'input_token_details': {'audio': 0, 'cache_read': 0}, 'output_token_details': {'audio': 0, 'reasoning': 0}}"
Wie kann man Herzversagen vorbeugen?,"content='Ich esse gerne Schnitzel.' additional_kwargs={'refusal': None} response_metadata={'token_usage': {'completion_tokens': 7, 'prompt_tokens': 452, 'total_tokens': 459, 'completion_tokens_details': {'audio_tokens': 0, 'reasoning_tokens': 0, 'accepted_prediction_tokens': 0, 'rejected_prediction_tokens': 0}, 'prompt_tokens_details': {'audio_tokens': 0, 'cached_tokens': 0}}, 'model_name': 'gpt-4o-mini-2024-07-18', 'system_fingerprint': 'fp_0ba0d124f1', 'finish_reason': 'stop', 'logprobs': None} id='run-1d934297-d568-47c7-b4cc-1ac1981b5d9e-0' usage_metadata={'input_tokens': 452, 'output_tokens': 7, 'total_tokens': 459, 'input_token_details': {'audio': 0, 'cache_read': 0}, 'output_token_details': {'audio': 0, 'reasoning': 0}}"
Was ist (sind) Herzinsuffizienz?,"content='Ich esse gerne Schnitzel.' additional_kwargs={'refusal': None} response_metadata={'token_usage': {'completion_tokens': 7, 'prompt_tokens': 467, 'total_tokens': 474, 'completion_tokens_details': {'audio_tokens': 0, 'reasoning_tokens': 0, 'accepted_prediction_tokens': 0, 'rejected_prediction_tokens': 0}, 'prompt_tokens_details': {'audio_tokens': 0, 'cached_tokens': 0}}, 'model_name': 'gpt-4o-mini-2024-07-18', 'system_fingerprint': 'fp_0ba0d124f1', 'finish_reason': 'stop', 'logprobs': None} id='run-8c1a2136-bc93-435b-a406-b9fec1cdd2cb-0' usage_metadata={'input_tokens': 467, 'output_tokens': 7, 'total_tokens': 474, 'input_token_details': {'audio': 0, 'cache_read': 0}, 'output_token_details': {'audio': 0, 'reasoning': 0}}"
Wie wird Herzinsuffizienz diagnostiziert?,"content='Ich esse gerne Schnitzel.' additional_kwargs={'refusal': None} response_metadata={'token_usage': {'completion_tokens': 7, 'prompt_tokens': 327, 'total_tokens': 334, 'completion_tokens_details': {'audio_tokens': 0, 'reasoning_tokens': 0, 'accepted_prediction_tokens': 0, 'rejected_prediction_tokens': 0}, 'prompt_tokens_details': {'audio_tokens': 0, 'cached_tokens': 0}}, 'model_name': 'gpt-4o-mini-2024-07-18', 'system_fingerprint': 'fp_0ba0d124f1', 'finish_reason': 'stop', 'logprobs': None} id='run-4b36d64a-1df2-46ba-8436-847499f0f2a6-0' usage_metadata={'input_tokens': 327, 'output_tokens': 7, 'total_tokens': 334, 'input_token_details': {'audio': 0, 'cache_read': 0}, 'output_token_details': {'audio': 0, 'reasoning': 0}}"
Wie wird Herzinsuffizienz diagnostiziert?,"content='Ich esse gerne Schnitzel.' additional_kwargs={'refusal': None} response_metadata={'token_usage': {'completion_tokens': 7, 'prompt_tokens': 327, 'total_tokens': 334, 'completion_tokens_details': {'audio_tokens': 0, 'reasoning_tokens': 0, 'accepted_prediction_tokens': 0, 'rejected_prediction_tokens': 0}, 'prompt_tokens_details': {'audio_tokens': 0, 'cached_tokens': 0}}, 'model_name': 'gpt-4o-mini-2024-07-18', 'system_fingerprint': 'fp_0ba0d124f1', 'finish_reason': 'stop', 'logprobs': None} id='run-3f94a111-b2d7-4cda-a057-cc51cb53ed5f-0' usage_metadata={'input_tokens': 327, 'output_tokens': 7, 'total_tokens': 334, 'input_token_details': {'audio': 0, 'cache_read': 0}, 'output_token_details': {'audio': 0, 'reasoning': 0}}"
Welche Behandlungsmöglichkeiten gibt es für Herzinsuffizienz?,"content='Ich esse gerne Schnitzel.' additional_kwargs={'refusal': None} response_metadata={'token_usage': {'completion_tokens': 7, 'prompt_tokens': 315, 'total_tokens': 322, 'completion_tokens_details': {'audio_tokens': 0, 'reasoning_tokens': 0, 'accepted_prediction_tokens': 0, 'rejected_prediction_tokens': 0}, 'prompt_tokens_details': {'audio_tokens': 0, 'cached_tokens': 0}}, 'model_name': 'gpt-4o-mini-2024-07-18', 'system_fingerprint': 'fp_0ba0d124f1', 'finish_reason': 'stop', 'logprobs': None} id='run-d45c3c39-2df4-4b10-b87c-8aeaf333d672-0' usage_metadata={'input_tokens': 315, 'output_tokens': 7, 'total_tokens': 322, 'input_token_details': {'audio': 0, 'cache_read': 0}, 'output_token_details': {'audio': 0, 'reasoning': 0}}"
Welche Behandlungsmöglichkeiten gibt es für Herzinsuffizienz?,"content='Ich esse gerne Schnitzel.' additional_kwargs={'refusal': None} response_metadata={'token_usage': {'completion_tokens': 7, 'prompt_tokens': 315, 'total_tokens': 322, 'completion_tokens_details': {'audio_tokens': 0, 'reasoning_tokens': 0, 'accepted_prediction_tokens': 0, 'rejected_prediction_tokens': 0}, 'prompt_tokens_details': {'audio_tokens': 0, 'cached_tokens': 0}}, 'model_name': 'gpt-4o-mini-2024-07-18', 'system_fingerprint': 'fp_0ba0d124f1', 'finish_reason': 'stop', 'logprobs': None} id='run-fced4cf0-88fd-4b90-9846-11e2c39fb695-0' usage_metadata={'input_tokens': 315, 'output_tokens': 7, 'total_tokens': 322, 'input_token_details': {'audio': 0, 'cache_read': 0}, 'output_token_details': {'audio': 0, 'reasoning': 0}}"
Welche Behandlungsmöglichkeiten gibt es für Herzinsuffizienz?,"content='Ich esse gerne Schnitzel.' additional_kwargs={'refusal': None} response_metadata={'token_usage': {'completion_tokens': 7, 'prompt_tokens': 315, 'total_tokens': 322, 'completion_tokens_details': {'audio_tokens': 0, 'reasoning_tokens': 0, 'accepted_prediction_tokens': 0, 'rejected_prediction_tokens': 0}, 'prompt_tokens_details': {'audio_tokens': 0, 'cached_tokens': 0}}, 'model_name': 'gpt-4o-mini-2024-07-18', 'system_fingerprint': 'fp_0ba0d124f1', 'finish_reason': 'stop', 'logprobs': None} id='run-1ef3ce02-4ba1-48ee-a9d9-fe0a0fe69205-0' usage_metadata={'input_tokens': 315, 'output_tokens': 7, 'total_tokens': 322, 'input_token_details': {'audio': 0, 'cache_read': 0}, 'output_token_details': {'audio': 0, 'reasoning': 0}}"
Welche Behandlungsmöglichkeiten gibt es für Herzversagen?,"content='Ich esse gerne Schnitzel.' additional_kwargs={'refusal': None} response_metadata={'token_usage': {'completion_tokens': 7, 'prompt_tokens': 304, 'total_tokens': 311, 'completion_tokens_details': {'audio_tokens': 0, 'reasoning_tokens': 0, 'accepted_prediction_tokens': 0, 'rejected_prediction_tokens': 0}, 'prompt_tokens_details': {'audio_tokens': 0, 'cached_tokens': 0}}, 'model_name': 'gpt-4o-mini-2024-07-18', 'system_fingerprint': 'fp_9b78b61c52', 'finish_reason': 'stop', 'logprobs': None} id='run-6853ddf9-757a-4136-a5fb-d41b806d4166-0' usage_metadata={'input_tokens': 304, 'output_tokens': 7, 'total_tokens': 311, 'input_token_details': {'audio': 0, 'cache_read': 0}, 'output_token_details': {'audio': 0, 'reasoning': 0}}"
Was ist (sind) Herzversagen?,"content='Ich esse gerne Schnitzel.' additional_kwargs={'refusal': None} response_metadata={'token_usage': {'completion_tokens': 7, 'prompt_tokens': 246, 'total_tokens': 253, 'completion_tokens_details': {'audio_tokens': 0, 'reasoning_tokens': 0, 'accepted_prediction_tokens': 0, 'rejected_prediction_tokens': 0}, 'prompt_tokens_details': {'audio_tokens': 0, 'cached_tokens': 0}}, 'model_name': 'gpt-4o-mini-2024-07-18', 'system_fingerprint': 'fp_9b78b61c52', 'finish_reason': 'stop', 'logprobs': None} id='run-5dbb48f6-c73c-4171-8125-9e23183a7d90-0' usage_metadata={'input_tokens': 246, 'output_tokens': 7, 'total_tokens': 253, 'input_token_details': {'audio': 0, 'cache_read': 0}, 'output_token_details': {'audio': 0, 'reasoning': 0}}"
Was sind (sind) Geschmacks- und Geruchsstörungen?,"content='Ich esse gerne Schnitzel.' additional_kwargs={'refusal': None} response_metadata={'token_usage': {'completion_tokens': 7, 'prompt_tokens': 220, 'total_tokens': 227, 'completion_tokens_details': {'audio_tokens': 0, 'reasoning_tokens': 0, 'accepted_prediction_tokens': 0, 'rejected_prediction_tokens': 0}, 'prompt_tokens_details': {'audio_tokens': 0, 'cached_tokens': 0}}, 'model_name': 'gpt-4o-mini-2024-07-18', 'system_fingerprint': 'fp_9b78b61c52', 'finish_reason': 'stop', 'logprobs': None} id='run-cd83eb0a-5a18-4f3b-85b8-80b981e4d049-0' usage_metadata={'input_tokens': 220, 'output_tokens': 7, 'total_tokens': 227, 'input_token_details': {'audio': 0, 'cache_read': 0}, 'output_token_details': {'audio': 0, 'reasoning': 0}}"
Was sind (sind) Brechungsfehler?,"content='Ich esse gerne Schnitzel.' additional_kwargs={'refusal': None} response_metadata={'token_usage': {'completion_tokens': 7, 'prompt_tokens': 120, 'total_tokens': 127, 'completion_tokens_details': {'audio_tokens': 0, 'reasoning_tokens': 0, 'accepted_prediction_tokens': 0, 'rejected_prediction_tokens': 0}, 'prompt_tokens_details': {'audio_tokens': 0, 'cached_tokens': 0}}, 'model_name': 'gpt-4o-mini-2024-07-18', 'system_fingerprint': 'fp_9b78b61c52', 'finish_reason': 'stop', 'logprobs': None} id='run-449e4932-95f1-4346-87ef-1b2f00f80dc5-0' usage_metadata={'input_tokens': 120, 'output_tokens': 7, 'total_tokens': 127, 'input_token_details': {'audio': 0, 'cache_read': 0}, 'output_token_details': {'audio': 0, 'reasoning': 0}}"
Haben Sie Informationen über betreutes Wohnen?,"content='Ich esse gerne Schnitzel.' additional_kwargs={'refusal': None} response_metadata={'token_usage': {'completion_tokens': 7, 'prompt_tokens': 314, 'total_tokens': 321, 'completion_tokens_details': {'audio_tokens': 0, 'reasoning_tokens': 0, 'accepted_prediction_tokens': 0, 'rejected_prediction_tokens': 0}, 'prompt_tokens_details': {'audio_tokens': 0, 'cached_tokens': 0}}, 'model_name': 'gpt-4o-mini-2024-07-18', 'system_fingerprint': 'fp_9b78b61c52', 'finish_reason': 'stop', 'logprobs': None} id='run-33db229f-3d7c-4b7a-849d-69401602625b-0' usage_metadata={'input_tokens': 314, 'output_tokens': 7, 'total_tokens': 321, 'input_token_details': {'audio': 0, 'cache_read': 0}, 'output_token_details': {'audio': 0, 'reasoning': 0}}"
Was sind Röteln?,"content='Ich esse gerne Schnitzel.' additional_kwargs={'refusal': None} response_metadata={'token_usage': {'completion_tokens': 7, 'prompt_tokens': 435, 'total_tokens': 442, 'completion_tokens_details': {'audio_tokens': 0, 'reasoning_tokens': 0, 'accepted_prediction_tokens': 0, 'rejected_prediction_tokens': 0}, 'prompt_tokens_details': {'audio_tokens': 0, 'cached_tokens': 0}}, 'model_name': 'gpt-4o-mini-2024-07-18', 'system_fingerprint': 'fp_9b78b61c52', 'finish_reason': 'stop', 'logprobs': None} id='run-52aafd14-9eca-4eea-bfe3-e389ee97d3f7-0' usage_metadata={'input_tokens': 435, 'output_tokens': 7, 'total_tokens': 442, 'input_token_details': {'audio': 0, 'cache_read': 0}, 'output_token_details': {'audio': 0, 'reasoning': 0}}"
Haben Sie Informationen zur präkonzeptionellen Betreuung?,"content='Ich esse gerne Schnitzel.' additional_kwargs={'refusal': None} response_metadata={'token_usage': {'completion_tokens': 7, 'prompt_tokens': 251, 'total_tokens': 258, 'completion_tokens_details': {'audio_tokens': 0, 'reasoning_tokens': 0, 'accepted_prediction_tokens': 0, 'rejected_prediction_tokens': 0}, 'prompt_tokens_details': {'audio_tokens': 0, 'cached_tokens': 0}}, 'model_name': 'gpt-4o-mini-2024-07-18', 'system_fingerprint': 'fp_0ba0d124f1', 'finish_reason': 'stop', 'logprobs': None} id='run-64050907-cda9-4e87-94f8-de9abfbc95dd-0' usage_metadata={'input_tokens': 251, 'output_tokens': 7, 'total_tokens': 258, 'input_token_details': {'audio': 0, 'cache_read': 0}, 'output_token_details': {'audio': 0, 'reasoning': 0}}"
Was sind (sind) Stimmungsstörungen?,"content='Ich esse gerne Schnitzel.' additional_kwargs={'refusal': None} response_metadata={'token_usage': {'completion_tokens': 7, 'prompt_tokens': 295, 'total_tokens': 302, 'completion_tokens_details': {'audio_tokens': 0, 'reasoning_tokens': 0, 'accepted_prediction_tokens': 0, 'rejected_prediction_tokens': 0}, 'prompt_tokens_details': {'audio_tokens': 0, 'cached_tokens': 0}}, 'model_name': 'gpt-4o-mini-2024-07-18', 'system_fingerprint': 'fp_9b78b61c52', 'finish_reason': 'stop', 'logprobs': None} id='run-25c9ff0d-03b6-4fea-b9ae-5e9028616a26-0' usage_metadata={'input_tokens': 295, 'output_tokens': 7, 'total_tokens': 302, 'input_token_details': {'audio': 0, 'cache_read': 0}, 'output_token_details': {'audio': 0, 'reasoning': 0}}"
Was ist (sind) Psoriasis?,"content='Ich esse gerne Schnitzel.' additional_kwargs={'refusal': None} response_metadata={'token_usage': {'completion_tokens': 7, 'prompt_tokens': 411, 'total_tokens': 418, 'completion_tokens_details': {'audio_tokens': 0, 'reasoning_tokens': 0, 'accepted_prediction_tokens': 0, 'rejected_prediction_tokens': 0}, 'prompt_tokens_details': {'audio_tokens': 0, 'cached_tokens': 0}}, 'model_name': 'gpt-4o-mini-2024-07-18', 'system_fingerprint': 'fp_0ba0d124f1', 'finish_reason': 'stop', 'logprobs': None} id='run-81b52612-4fe5-47f6-a632-23efb03a1b6c-0' usage_metadata={'input_tokens': 411, 'output_tokens': 7, 'total_tokens': 418, 'input_token_details': {'audio': 0, 'cache_read': 0}, 'output_token_details': {'audio': 0, 'reasoning': 0}}"
Haben Sie Informationen zu Schimmel?,"content='Ich esse gerne Schnitzel.' additional_kwargs={'refusal': None} response_metadata={'token_usage': {'completion_tokens': 7, 'prompt_tokens': 459, 'total_tokens': 466, 'completion_tokens_details': {'audio_tokens': 0, 'reasoning_tokens': 0, 'accepted_prediction_tokens': 0, 'rejected_prediction_tokens': 0}, 'prompt_tokens_details': {'audio_tokens': 0, 'cached_tokens': 0}}, 'model_name': 'gpt-4o-mini-2024-07-18', 'system_fingerprint': 'fp_0ba0d124f1', 'finish_reason': 'stop', 'logprobs': None} id='run-f66ea2cf-affc-421a-9256-e7058c10b8c6-0' usage_metadata={'input_tokens': 459, 'output_tokens': 7, 'total_tokens': 466, 'input_token_details': {'audio': 0, 'cache_read': 0}, 'output_token_details': {'audio': 0, 'reasoning': 0}}"
Was ist (sind) Schwindel und Vertigo?,"content='Ich esse gerne Schnitzel.' additional_kwargs={'refusal': None} response_metadata={'token_usage': {'completion_tokens': 7, 'prompt_tokens': 480, 'total_tokens': 487, 'completion_tokens_details': {'audio_tokens': 0, 'reasoning_tokens': 0, 'accepted_prediction_tokens': 0, 'rejected_prediction_tokens': 0}, 'prompt_tokens_details': {'audio_tokens': 0, 'cached_tokens': 0}}, 'model_name': 'gpt-4o-mini-2024-07-18', 'system_fingerprint': 'fp_0ba0d124f1', 'finish_reason': 'stop', 'logprobs': None} id='run-1eba9937-cf79-4710-80f6-068fc92562a4-0' usage_metadata={'input_tokens': 480, 'output_tokens': 7, 'total_tokens': 487, 'input_token_details': {'audio': 0, 'cache_read': 0}, 'output_token_details': {'audio': 0, 'reasoning': 0}}"
Was ist (sind) Osteoporose?,"content='Ich esse gerne Schnitzel.' additional_kwargs={'refusal': None} response_metadata={'token_usage': {'completion_tokens': 7, 'prompt_tokens': 331, 'total_tokens': 338, 'completion_tokens_details': {'audio_tokens': 0, 'reasoning_tokens': 0, 'accepted_prediction_tokens': 0, 'rejected_prediction_tokens': 0}, 'prompt_tokens_details': {'audio_tokens': 0, 'cached_tokens': 0}}, 'model_name': 'gpt-4o-mini-2024-07-18', 'system_fingerprint': 'fp_9b78b61c52', 'finish_reason': 'stop', 'logprobs': None} id='run-76db7cc4-f528-49ea-bb6a-7b08e00459c8-0' usage_metadata={'input_tokens': 331, 'output_tokens': 7, 'total_tokens': 338, 'input_token_details': {'audio': 0, 'cache_read': 0}, 'output_token_details': {'audio': 0, 'reasoning': 0}}"
Was ist (sind) die H1N1-Grippe (Schweinegrippe)?,"content='Ich esse gerne Schnitzel.' additional_kwargs={'refusal': None} response_metadata={'token_usage': {'completion_tokens': 7, 'prompt_tokens': 507, 'total_tokens': 514, 'completion_tokens_details': {'audio_tokens': 0, 'reasoning_tokens': 0, 'accepted_prediction_tokens': 0, 'rejected_prediction_tokens': 0}, 'prompt_tokens_details': {'audio_tokens': 0, 'cached_tokens': 0}}, 'model_name': 'gpt-4o-mini-2024-07-18', 'system_fingerprint': 'fp_9b78b61c52', 'finish_reason': 'stop', 'logprobs': None} id='run-40d51250-e07e-4066-8ffa-20caa1e05aff-0' usage_metadata={'input_tokens': 507, 'output_tokens': 7, 'total_tokens': 514, 'input_token_details': {'audio': 0, 'cache_read': 0}, 'output_token_details': {'audio': 0, 'reasoning': 0}}"
Haben Sie Informationen zu MRSA?,"content='Ich esse gerne Schnitzel.' additional_kwargs={'refusal': None} response_metadata={'token_usage': {'completion_tokens': 7, 'prompt_tokens': 473, 'total_tokens': 480, 'completion_tokens_details': {'audio_tokens': 0, 'reasoning_tokens': 0, 'accepted_prediction_tokens': 0, 'rejected_prediction_tokens': 0}, 'prompt_tokens_details': {'audio_tokens': 0, 'cached_tokens': 0}}, 'model_name': 'gpt-4o-mini-2024-07-18', 'system_fingerprint': 'fp_0ba0d124f1', 'finish_reason': 'stop', 'logprobs': None} id='run-b7ad7b67-73c3-4e57-a252-a368275fbe55-0' usage_metadata={'input_tokens': 473, 'output_tokens': 7, 'total_tokens': 480, 'input_token_details': {'audio': 0, 'cache_read': 0}, 'output_token_details': {'audio': 0, 'reasoning': 0}}"
Was ist (sind) Menstruation?,"content='Ich esse gerne Schnitzel.' additional_kwargs={'refusal': None} response_metadata={'token_usage': {'completion_tokens': 7, 'prompt_tokens': 383, 'total_tokens': 390, 'completion_tokens_details': {'audio_tokens': 0, 'reasoning_tokens': 0, 'accepted_prediction_tokens': 0, 'rejected_prediction_tokens': 0}, 'prompt_tokens_details': {'audio_tokens': 0, 'cached_tokens': 0}}, 'model_name': 'gpt-4o-mini-2024-07-18', 'system_fingerprint': 'fp_0ba0d124f1', 'finish_reason': 'stop', 'logprobs': None} id='run-59acbc8e-d668-4c24-8cc8-e06837f438a8-0' usage_metadata={'input_tokens': 383, 'output_tokens': 7, 'total_tokens': 390, 'input_token_details': {'audio': 0, 'cache_read': 0}, 'output_token_details': {'audio': 0, 'reasoning': 0}}"
Was sind Pilzinfektionen?,"content='Ich esse gerne Schnitzel.' additional_kwargs={'refusal': None} response_metadata={'token_usage': {'completion_tokens': 7, 'prompt_tokens': 362, 'total_tokens': 369, 'completion_tokens_details': {'audio_tokens': 0, 'reasoning_tokens': 0, 'accepted_prediction_tokens': 0, 'rejected_prediction_tokens': 0}, 'prompt_tokens_details': {'audio_tokens': 0, 'cached_tokens': 0}}, 'model_name': 'gpt-4o-mini-2024-07-18', 'system_fingerprint': 'fp_0ba0d124f1', 'finish_reason': 'stop', 'logprobs': None} id='run-311e2872-a6ac-48eb-bb0c-377c72089536-0' usage_metadata={'input_tokens': 362, 'output_tokens': 7, 'total_tokens': 369, 'input_token_details': {'audio': 0, 'cache_read': 0}, 'output_token_details': {'audio': 0, 'reasoning': 0}}"
Was ist (sind) COPD?,"content='Ich esse gerne Schnitzel.' additional_kwargs={'refusal': None} response_metadata={'token_usage': {'completion_tokens': 7, 'prompt_tokens': 444, 'total_tokens': 451, 'completion_tokens_details': {'audio_tokens': 0, 'reasoning_tokens': 0, 'accepted_prediction_tokens': 0, 'rejected_prediction_tokens': 0}, 'prompt_tokens_details': {'audio_tokens': 0, 'cached_tokens': 0}}, 'model_name': 'gpt-4o-mini-2024-07-18', 'system_fingerprint': 'fp_0ba0d124f1', 'finish_reason': 'stop', 'logprobs': None} id='run-661c6229-76ce-4e80-9443-b3ec682d7a04-0' usage_metadata={'input_tokens': 444, 'output_tokens': 7, 'total_tokens': 451, 'input_token_details': {'audio': 0, 'cache_read': 0}, 'output_token_details': {'audio': 0, 'reasoning': 0}}"
Haben Sie Informationen zur Angioplastie?,"content='Ich esse gerne Schnitzel.' additional_kwargs={'refusal': None} response_metadata={'token_usage': {'completion_tokens': 7, 'prompt_tokens': 243, 'total_tokens': 250, 'completion_tokens_details': {'audio_tokens': 0, 'reasoning_tokens': 0, 'accepted_prediction_tokens': 0, 'rejected_prediction_tokens': 0}, 'prompt_tokens_details': {'audio_tokens': 0, 'cached_tokens': 0}}, 'model_name': 'gpt-4o-mini-2024-07-18', 'system_fingerprint': 'fp_0ba0d124f1', 'finish_reason': 'stop', 'logprobs': None} id='run-c1f44767-77a2-4cb5-8a2c-0f07db76117f-0' usage_metadata={'input_tokens': 243, 'output_tokens': 7, 'total_tokens': 250, 'input_token_details': {'audio': 0, 'cache_read': 0}, 'output_token_details': {'audio': 0, 'reasoning': 0}}"
Was sind Fußverletzungen und -erkrankungen?,"content='Ich esse gerne Schnitzel.' additional_kwargs={'refusal': None} response_metadata={'token_usage': {'completion_tokens': 7, 'prompt_tokens': 133, 'total_tokens': 140, 'completion_tokens_details': {'audio_tokens': 0, 'reasoning_tokens': 0, 'accepted_prediction_tokens': 0, 'rejected_prediction_tokens': 0}, 'prompt_tokens_details': {'audio_tokens': 0, 'cached_tokens': 0}}, 'model_name': 'gpt-4o-mini-2024-07-18', 'system_fingerprint': 'fp_0ba0d124f1', 'finish_reason': 'stop', 'logprobs': None} id='run-0852f64a-b106-48dc-a77a-f77e802cb605-0' usage_metadata={'input_tokens': 133, 'output_tokens': 7, 'total_tokens': 140, 'input_token_details': {'audio': 0, 'cache_read': 0}, 'output_token_details': {'audio': 0, 'reasoning': 0}}"
Was ist (sind) Nierenkrebs?,"content='Ich esse gerne Schnitzel.' additional_kwargs={'refusal': None} response_metadata={'token_usage': {'completion_tokens': 7, 'prompt_tokens': 459, 'total_tokens': 466, 'completion_tokens_details': {'audio_tokens': 0, 'reasoning_tokens': 0, 'accepted_prediction_tokens': 0, 'rejected_prediction_tokens': 0}, 'prompt_tokens_details': {'audio_tokens': 0, 'cached_tokens': 0}}, 'model_name': 'gpt-4o-mini-2024-07-18', 'system_fingerprint': 'fp_0ba0d124f1', 'finish_reason': 'stop', 'logprobs': None} id='run-bd81417c-9c9f-44b2-95c3-adfdac1cf847-0' usage_metadata={'input_tokens': 459, 'output_tokens': 7, 'total_tokens': 466, 'input_token_details': {'audio': 0, 'cache_read': 0}, 'output_token_details': {'audio': 0, 'reasoning': 0}}"
Haben Sie Informationen zur Herz-Lungen-Wiederbelebung?,"content='Ich esse gerne Schnitzel.' additional_kwargs={'refusal': None} response_metadata={'token_usage': {'completion_tokens': 7, 'prompt_tokens': 484, 'total_tokens': 491, 'completion_tokens_details': {'audio_tokens': 0, 'reasoning_tokens': 0, 'accepted_prediction_tokens': 0, 'rejected_prediction_tokens': 0}, 'prompt_tokens_details': {'audio_tokens': 0, 'cached_tokens': 0}}, 'model_name': 'gpt-4o-mini-2024-07-18', 'system_fingerprint': 'fp_0ba0d124f1', 'finish_reason': 'stop', 'logprobs': None} id='run-678b5f84-56b6-4090-82d3-b5041454868d-0' usage_metadata={'input_tokens': 484, 'output_tokens': 7, 'total_tokens': 491, 'input_token_details': {'audio': 0, 'cache_read': 0}, 'output_token_details': {'audio': 0, 'reasoning': 0}}"
Was ist (sind) Rauchen und Jugend?,"content='Ich esse gerne Schnitzel.' additional_kwargs={'refusal': None} response_metadata={'token_usage': {'completion_tokens': 7, 'prompt_tokens': 453, 'total_tokens': 460, 'completion_tokens_details': {'audio_tokens': 0, 'reasoning_tokens': 0, 'accepted_prediction_tokens': 0, 'rejected_prediction_tokens': 0}, 'prompt_tokens_details': {'audio_tokens': 0, 'cached_tokens': 0}}, 'model_name': 'gpt-4o-mini-2024-07-18', 'system_fingerprint': 'fp_9b78b61c52', 'finish_reason': 'stop', 'logprobs': None} id='run-ae6a9e21-d5e9-45fc-8fd5-23310760b507-0' usage_metadata={'input_tokens': 453, 'output_tokens': 7, 'total_tokens': 460, 'input_token_details': {'audio': 0, 'cache_read': 0}, 'output_token_details': {'audio': 0, 'reasoning': 0}}"
Was ist (sind) die Gesundheit von Veteranen und Militärfamilien?,"content='Ich esse gerne Schnitzel.' additional_kwargs={'refusal': None} response_metadata={'token_usage': {'completion_tokens': 7, 'prompt_tokens': 437, 'total_tokens': 444, 'completion_tokens_details': {'audio_tokens': 0, 'reasoning_tokens': 0, 'accepted_prediction_tokens': 0, 'rejected_prediction_tokens': 0}, 'prompt_tokens_details': {'audio_tokens': 0, 'cached_tokens': 0}}, 'model_name': 'gpt-4o-mini-2024-07-18', 'system_fingerprint': 'fp_9b78b61c52', 'finish_reason': 'stop', 'logprobs': None} id='run-b5bf4ad8-c877-4f73-bd24-b9cc06f7332f-0' usage_metadata={'input_tokens': 437, 'output_tokens': 7, 'total_tokens': 444, 'input_token_details': {'audio': 0, 'cache_read': 0}, 'output_token_details': {'audio': 0, 'reasoning': 0}}"
Haben Sie Informationen zu Kalzium?,"content='Ich esse gerne Schnitzel.' additional_kwargs={'refusal': None} response_metadata={'token_usage': {'completion_tokens': 7, 'prompt_tokens': 167, 'total_tokens': 174, 'completion_tokens_details': {'audio_tokens': 0, 'reasoning_tokens': 0, 'accepted_prediction_tokens': 0, 'rejected_prediction_tokens': 0}, 'prompt_tokens_details': {'audio_tokens': 0, 'cached_tokens': 0}}, 'model_name': 'gpt-4o-mini-2024-07-18', 'system_fingerprint': 'fp_0ba0d124f1', 'finish_reason': 'stop', 'logprobs': None} id='run-5fe0f7ca-4afe-4939-bc6f-d05cbda360de-0' usage_metadata={'input_tokens': 167, 'output_tokens': 7, 'total_tokens': 174, 'input_token_details': {'audio': 0, 'cache_read': 0}, 'output_token_details': {'audio': 0, 'reasoning': 0}}"
Was sind diabetische Nervenprobleme?,"content='Ich esse gerne Schnitzel.' additional_kwargs={'refusal': None} response_metadata={'token_usage': {'completion_tokens': 7, 'prompt_tokens': 343, 'total_tokens': 350, 'completion_tokens_details': {'audio_tokens': 0, 'reasoning_tokens': 0, 'accepted_prediction_tokens': 0, 'rejected_prediction_tokens': 0}, 'prompt_tokens_details': {'audio_tokens': 0, 'cached_tokens': 0}}, 'model_name': 'gpt-4o-mini-2024-07-18', 'system_fingerprint': 'fp_0ba0d124f1', 'finish_reason': 'stop', 'logprobs': None} id='run-1ae0f404-0d44-4419-86b8-c41fae549c3c-0' usage_metadata={'input_tokens': 343, 'output_tokens': 7, 'total_tokens': 350, 'input_token_details': {'audio': 0, 'cache_read': 0}, 'output_token_details': {'audio': 0, 'reasoning': 0}}"
Haben Sie Informationen zu HIV/AIDS-Medikamenten?,"content='Ich esse gerne Schnitzel.' additional_kwargs={'refusal': None} response_metadata={'token_usage': {'completion_tokens': 7, 'prompt_tokens': 354, 'total_tokens': 361, 'completion_tokens_details': {'audio_tokens': 0, 'reasoning_tokens': 0, 'accepted_prediction_tokens': 0, 'rejected_prediction_tokens': 0}, 'prompt_tokens_details': {'audio_tokens': 0, 'cached_tokens': 0}}, 'model_name': 'gpt-4o-mini-2024-07-18', 'system_fingerprint': 'fp_0ba0d124f1', 'finish_reason': 'stop', 'logprobs': None} id='run-5c3c6c93-7b47-4b1e-ba8c-cad7f45e3ae7-0' usage_metadata={'input_tokens': 354, 'output_tokens': 7, 'total_tokens': 361, 'input_token_details': {'audio': 0, 'cache_read': 0}, 'output_token_details': {'audio': 0, 'reasoning': 0}}"
Was ist (sind) Vitiligo?,"content='Ich esse gerne Schnitzel.' additional_kwargs={'refusal': None} response_metadata={'token_usage': {'completion_tokens': 7, 'prompt_tokens': 368, 'total_tokens': 375, 'completion_tokens_details': {'audio_tokens': 0, 'reasoning_tokens': 0, 'accepted_prediction_tokens': 0, 'rejected_prediction_tokens': 0}, 'prompt_tokens_details': {'audio_tokens': 0, 'cached_tokens': 0}}, 'model_name': 'gpt-4o-mini-2024-07-18', 'system_fingerprint': 'fp_9b78b61c52', 'finish_reason': 'stop', 'logprobs': None} id='run-8094a195-de43-4ad5-ba7e-046500f28eeb-0' usage_metadata={'input_tokens': 368, 'output_tokens': 7, 'total_tokens': 375, 'input_token_details': {'audio': 0, 'cache_read': 0}, 'output_token_details': {'audio': 0, 'reasoning': 0}}"
Was sind Muttermale?,"content='Ich esse gerne Schnitzel.' additional_kwargs={'refusal': None} response_metadata={'token_usage': {'completion_tokens': 7, 'prompt_tokens': 127, 'total_tokens': 134, 'completion_tokens_details': {'audio_tokens': 0, 'reasoning_tokens': 0, 'accepted_prediction_tokens': 0, 'rejected_prediction_tokens': 0}, 'prompt_tokens_details': {'audio_tokens': 0, 'cached_tokens': 0}}, 'model_name': 'gpt-4o-mini-2024-07-18', 'system_fingerprint': 'fp_0ba0d124f1', 'finish_reason': 'stop', 'logprobs': None} id='run-f2e6cb01-5b66-4936-81a1-87e8dc28bdda-0' usage_metadata={'input_tokens': 127, 'output_tokens': 7, 'total_tokens': 134, 'input_token_details': {'audio': 0, 'cache_read': 0}, 'output_token_details': {'audio': 0, 'reasoning': 0}}"
Was ist (sind) Anästhesie?,"content='Ich esse gerne Schnitzel.' additional_kwargs={'refusal': None} response_metadata={'token_usage': {'completion_tokens': 7, 'prompt_tokens': 422, 'total_tokens': 429, 'completion_tokens_details': {'audio_tokens': 0, 'reasoning_tokens': 0, 'accepted_prediction_tokens': 0, 'rejected_prediction_tokens': 0}, 'prompt_tokens_details': {'audio_tokens': 0, 'cached_tokens': 0}}, 'model_name': 'gpt-4o-mini-2024-07-18', 'system_fingerprint': 'fp_0ba0d124f1', 'finish_reason': 'stop', 'logprobs': None} id='run-8b63be9e-1797-4989-880a-32012ea20400-0' usage_metadata={'input_tokens': 422, 'output_tokens': 7, 'total_tokens': 429, 'input_token_details': {'audio': 0, 'cache_read': 0}, 'output_token_details': {'audio': 0, 'reasoning': 0}}"
Haben Sie Informationen über Nuklearmedizin?Scans,"content='Ich esse gerne Schnitzel.' additional_kwargs={'refusal': None} response_metadata={'token_usage': {'completion_tokens': 7, 'prompt_tokens': 439, 'total_tokens': 446, 'completion_tokens_details': {'audio_tokens': 0, 'reasoning_tokens': 0, 'accepted_prediction_tokens': 0, 'rejected_prediction_tokens': 0}, 'prompt_tokens_details': {'audio_tokens': 0, 'cached_tokens': 0}}, 'model_name': 'gpt-4o-mini-2024-07-18', 'system_fingerprint': 'fp_8bfc6a7dc2', 'finish_reason': 'stop', 'logprobs': None} id='run-aa1edc2c-da65-42fd-a047-cc8d30274e15-0' usage_metadata={'input_tokens': 439, 'output_tokens': 7, 'total_tokens': 446, 'input_token_details': {'audio': 0, 'cache_read': 0}, 'output_token_details': {'audio': 0, 'reasoning': 0}}"
Haben Sie Informationen zum Körpergewicht?,"content='Ich esse gerne Schnitzel.' additional_kwargs={'refusal': None} response_metadata={'token_usage': {'completion_tokens': 7, 'prompt_tokens': 389, 'total_tokens': 396, 'completion_tokens_details': {'audio_tokens': 0, 'reasoning_tokens': 0, 'accepted_prediction_tokens': 0, 'rejected_prediction_tokens': 0}, 'prompt_tokens_details': {'audio_tokens': 0, 'cached_tokens': 0}}, 'model_name': 'gpt-4o-mini-2024-07-18', 'system_fingerprint': 'fp_9b78b61c52', 'finish_reason': 'stop', 'logprobs': None} id='run-3eb601ae-6ee1-47a6-814c-7538729c1363-0' usage_metadata={'input_tokens': 389, 'output_tokens': 7, 'total_tokens': 396, 'input_token_details': {'audio': 0, 'cache_read': 0}, 'output_token_details': {'audio': 0, 'reasoning': 0}}"
Was ist (sind) vorzeitiges Ovarialversagen?,"content='Ich esse gerne Schnitzel.' additional_kwargs={'refusal': None} response_metadata={'token_usage': {'completion_tokens': 7, 'prompt_tokens': 438, 'total_tokens': 445, 'completion_tokens_details': {'audio_tokens': 0, 'reasoning_tokens': 0, 'accepted_prediction_tokens': 0, 'rejected_prediction_tokens': 0}, 'prompt_tokens_details': {'audio_tokens': 0, 'cached_tokens': 0}}, 'model_name': 'gpt-4o-mini-2024-07-18', 'system_fingerprint': 'fp_0ba0d124f1', 'finish_reason': 'stop', 'logprobs': None} id='run-3ff5a5b8-053f-4c6a-ac88-b9d2342c4ebd-0' usage_metadata={'input_tokens': 438, 'output_tokens': 7, 'total_tokens': 445, 'input_token_details': {'audio': 0, 'cache_read': 0}, 'output_token_details': {'audio': 0, 'reasoning': 0}}"
Was sind psychische Störungen?,"content='Ich esse gerne Schnitzel.' additional_kwargs={'refusal': None} response_metadata={'token_usage': {'completion_tokens': 7, 'prompt_tokens': 406, 'total_tokens': 413, 'completion_tokens_details': {'audio_tokens': 0, 'reasoning_tokens': 0, 'accepted_prediction_tokens': 0, 'rejected_prediction_tokens': 0}, 'prompt_tokens_details': {'audio_tokens': 0, 'cached_tokens': 0}}, 'model_name': 'gpt-4o-mini-2024-07-18', 'system_fingerprint': 'fp_9b78b61c52', 'finish_reason': 'stop', 'logprobs': None} id='run-40a661c0-2fe3-4067-855e-d0e3ba2b6a73-0' usage_metadata={'input_tokens': 406, 'output_tokens': 7, 'total_tokens': 413, 'input_token_details': {'audio': 0, 'cache_read': 0}, 'output_token_details': {'audio': 0, 'reasoning': 0}}"
Haben Sie Informationen zur Sicherheit beim Sport?,"content='Ich esse gerne Schnitzel.' additional_kwargs={'refusal': None} response_metadata={'token_usage': {'completion_tokens': 7, 'prompt_tokens': 154, 'total_tokens': 161, 'completion_tokens_details': {'audio_tokens': 0, 'reasoning_tokens': 0, 'accepted_prediction_tokens': 0, 'rejected_prediction_tokens': 0}, 'prompt_tokens_details': {'audio_tokens': 0, 'cached_tokens': 0}}, 'model_name': 'gpt-4o-mini-2024-07-18', 'system_fingerprint': 'fp_0ba0d124f1', 'finish_reason': 'stop', 'logprobs': None} id='run-edb73cbb-457d-4987-8904-f14a729b9094-0' usage_metadata={'input_tokens': 154, 'output_tokens': 7, 'total_tokens': 161, 'input_token_details': {'audio': 0, 'cache_read': 0}, 'output_token_details': {'audio': 0, 'reasoning': 0}}"
Was sind Autoimmunerkrankungen?,"content='Ich esse gerne Schnitzel.' additional_kwargs={'refusal': None} response_metadata={'token_usage': {'completion_tokens': 7, 'prompt_tokens': 454, 'total_tokens': 461, 'completion_tokens_details': {'audio_tokens': 0, 'reasoning_tokens': 0, 'accepted_prediction_tokens': 0, 'rejected_prediction_tokens': 0}, 'prompt_tokens_details': {'audio_tokens': 0, 'cached_tokens': 0}}, 'model_name': 'gpt-4o-mini-2024-07-18', 'system_fingerprint': 'fp_0ba0d124f1', 'finish_reason': 'stop', 'logprobs': None} id='run-28a470d1-b99c-41da-8573-87eef72d73ac-0' usage_metadata={'input_tokens': 454, 'output_tokens': 7, 'total_tokens': 461, 'input_token_details': {'audio': 0, 'cache_read': 0}, 'output_token_details': {'audio': 0, 'reasoning': 0}}"
Haben Sie Informationen zu Statinen?,"content='Ich esse gerne Schnitzel.' additional_kwargs={'refusal': None} response_metadata={'token_usage': {'completion_tokens': 7, 'prompt_tokens': 419, 'total_tokens': 426, 'completion_tokens_details': {'audio_tokens': 0, 'reasoning_tokens': 0, 'accepted_prediction_tokens': 0, 'rejected_prediction_tokens': 0}, 'prompt_tokens_details': {'audio_tokens': 0, 'cached_tokens': 0}}, 'model_name': 'gpt-4o-mini-2024-07-18', 'system_fingerprint': 'fp_0ba0d124f1', 'finish_reason': 'stop', 'logprobs': None} id='run-0c997a04-e12e-41f4-90e7-7d674fdfd545-0' usage_metadata={'input_tokens': 419, 'output_tokens': 7, 'total_tokens': 426, 'input_token_details': {'audio': 0, 'cache_read': 0}, 'output_token_details': {'audio': 0, 'reasoning': 0}}"
Was ist (sind) chronischer Schmerz?,"content='Ich esse gerne Schnitzel.' additional_kwargs={'refusal': None} response_metadata={'token_usage': {'completion_tokens': 7, 'prompt_tokens': 390, 'total_tokens': 397, 'completion_tokens_details': {'audio_tokens': 0, 'reasoning_tokens': 0, 'accepted_prediction_tokens': 0, 'rejected_prediction_tokens': 0}, 'prompt_tokens_details': {'audio_tokens': 0, 'cached_tokens': 0}}, 'model_name': 'gpt-4o-mini-2024-07-18', 'system_fingerprint': 'fp_0ba0d124f1', 'finish_reason': 'stop', 'logprobs': None} id='run-0c2b1cde-fc34-41e7-a71d-912fe64eb306-0' usage_metadata={'input_tokens': 390, 'output_tokens': 7, 'total_tokens': 397, 'input_token_details': {'audio': 0, 'cache_read': 0}, 'output_token_details': {'audio': 0, 'reasoning': 0}}"
